{"root":[{"assemblyName":"Assembly-CSharp-firstpass","nameSpace":"Crosstales.Common.Util","className":"BaseHelper","methodName":"initialize","loadTypes":0,"isUnityClass":false},{"assemblyName":"com.playeveryware.eos.core","nameSpace":"PlayEveryWare.EpicOnlineServices","className":"EOSManagerPlatformSpecificsSingleton","methodName":"InitOnPlayMode","loadTypes":4,"isUnityClass":false},{"assemblyName":"com.playeveryware.eos","nameSpace":"PlayEveryWare.EpicOnlineServices","className":"WindowsPlatformSpecifics","methodName":"Register","loadTypes":1,"isUnityClass":false},{"assemblyName":"Unity.2D.Animation.Runtime","nameSpace":"","className":"$BurstDirectCallInitializer","methodName":"Initialize","loadTypes":2,"isUnityClass":true},{"assemblyName":"Unity.2D.SpriteShape.Runtime","nameSpace":"","className":"$BurstDirectCallInitializer","methodName":"Initialize","loadTypes":2,"isUnityClass":true},{"assemblyName":"Unity.Collections","nameSpace":"","className":"$BurstDirectCallInitializer","methodName":"Initialize","loadTypes":2,"isUnityClass":true},{"assemblyName":"Unity.VisualScripting.Core","nameSpace":"Unity.VisualScripting","className":"RuntimeVSUsageUtility","methodName":"RuntimeInitializeOnLoadBeforeSceneLoad","loadTypes":1,"isUnityClass":true}]}
