{"productName":"traderun","productVersion":"1.0","productID":"2c4e2fb64fac4927bcaf04dac569a5de","sandboxID":"a58c0394fba24da581bb00ee5c92bcc1","deploymentID":"ecba5a84523f4eb9abd046d637075460","sandboxDeploymentOverrides":[],"clientSecret":"KAdxmZ7AMy2yWcPw5FzTQYeNlKb+51c1cyVqMzy4Zxw","clientID":"xyza7891iNc4x4I62Ign4g20K9Ovuo1E","encryptionKey":"20B01BD282D6F314164E9CABC6BABB36668879E6CFF5042B26A5BAC6F900571E","platformOptionsFlags":[""],"authScopeOptionsFlags":[""],"tickBudgetInMilliseconds":0,"ThreadAffinity_networkWork":"","ThreadAffinity_storageIO":"","ThreadAffinity_webSocketIO":"","ThreadAffinity_P2PIO":"","ThreadAffinity_HTTPRequestIO":"","ThreadAffinity_RTCIO":"","alwaysSendInputToOverlay":false,"initialButtonDelayForOverlay":"","repeatButtonDelayForOverlay":"","hackForceSendInputDirectlyToSDK":false,"isServer":false}